{"timestamp": 1761116032.6758845, "flex": [1648, 1680, 1439, 1403, 0], "accel": [-2.03125, -3.5625, 8.62109375], "gyro": [-0.017578125, 0.0, -0.0078125], "quat": [0.6229248046875, -0.03326416015625, 0.2265625, -0.74798583984375]}