{"timestamp": 1761116043.3760157, "flex": [1722, 1719, 1450, 1639, 0], "accel": [0.26953125, -6.12890625, 7.390625], "gyro": [-1.046875, -1.017578125, -0.34765625], "quat": [0.61395263671875, -0.24627685546875, 0.28118896484375, -0.69525146484375]}