{"timestamp": 1761116083.154461, "flex": [1685, 1617, 1424, 1376, 0], "accel": [1.76171875, -9.0, 1.265625], "gyro": [-0.03125, 0.01953125, -0.099609375], "quat": [0.494140625, -0.4818115234375, 0.43426513671875, -0.57891845703125]}