{"timestamp": 1761116057.531669, "flex": [1199, 1331, 784, 1035, 0], "accel": [0.26953125, -9.61328125, 0.8046875], "gyro": [0.046875, 0.017578125, -0.029296875], "quat": [0.49090576171875, -0.46051025390625, 0.492431640625, -0.5517578125]}