{"timestamp": 1761116053.213134, "flex": [993, 1233, 656, 1057, 0], "accel": [0.23046875, -9.6875, 0.8828125], "gyro": [0.046875, 0.017578125, -0.029296875], "quat": [0.49835205078125, -0.45953369140625, 0.49053955078125, -0.54754638671875]}