{"timestamp": 1761116044.6315181, "flex": [1719, 1714, 1457, 1648, 16], "accel": [0.4609375, -6.16796875, 6.51171875], "gyro": [-1.046875, -1.017578125, -0.34765625], "quat": [0.6102294921875, -0.27294921875, 0.28765869140625, -0.68585205078125]}