{"timestamp": 1761116033.0602844, "flex": [1690, 1689, 1424, 1514, 3], "accel": [-2.296875, -4.90234375, 9.921875], "gyro": [-0.017578125, 0.0, -0.0078125], "quat": [0.6240234375, -0.05682373046875, 0.2386474609375, -0.74188232421875]}