{"timestamp": 1761116043.017327, "flex": [1713, 1710, 1450, 1616, 12], "accel": [0.26953125, -6.12890625, 7.390625], "gyro": [-1.046875, -1.017578125, -0.34765625], "quat": [0.6146240234375, -0.2401123046875, 0.280029296875, -0.697265625]}