{"timestamp": 1761116033.2062016, "flex": [1685, 1679, 1403, 1579, 0], "accel": [-1.6484375, -5.28515625, 8.42578125], "gyro": [-0.017578125, 0.0, -0.0078125], "quat": [0.62347412109375, -0.11810302734375, 0.27197265625, -0.72344970703125]}