{"timestamp": 1761116032.3943155, "flex": [1659, 1691, 1434, 1463, 0], "accel": [-2.14453125, -3.71484375, 8.58203125], "gyro": [-0.017578125, 0.0, -0.0078125], "quat": [0.627197265625, -0.03448486328125, 0.22515869140625, -0.74481201171875]}