{"timestamp": 1761116071.39219, "flex": [1776, 1744, 1632, 1681, 0], "accel": [-0.3828125, -9.265625, 1.33984375], "gyro": [0.31640625, -0.013671875, 0.080078125], "quat": [0.5147705078125, -0.427734375, 0.48858642578125, -0.55975341796875]}