{"timestamp": 1761116070.8536808, "flex": [1767, 1712, 1579, 1626, 23], "accel": [-0.11328125, -10.03125, 1.5703125], "gyro": [0.31640625, -0.013671875, 0.080078125], "quat": [0.49530029296875, -0.4417724609375, 0.49676513671875, -0.5592041015625]}