{"timestamp": 1761116078.3646858, "flex": [1761, 1712, 1605, 1633, 0], "accel": [1.03515625, -9.3046875, 1.76171875], "gyro": [-0.03125, 0.01953125, -0.099609375], "quat": [0.49639892578125, -0.4698486328125, 0.43658447265625, -0.58502197265625]}