{"timestamp": 1761116043.6918225, "flex": [1716, 1710, 1441, 1643, 13], "accel": [0.421875, -6.015625, 6.546875], "gyro": [-1.046875, -1.017578125, -0.34765625], "quat": [0.61395263671875, -0.24627685546875, 0.28118896484375, -0.69525146484375]}