{"timestamp": 1761116048.655946, "flex": [999, 1216, 684, 1007, 0], "accel": [0.49609375, -9.921875, 1.2265625], "gyro": [-0.494140625, 0.103515625, -0.12890625], "quat": [0.508544921875, -0.467041015625, 0.47265625, -0.547607421875]}