{"timestamp": 1761116086.514325, "flex": [1667, 1623, 1359, 1502, 0], "accel": [1.07421875, -9.80859375, 1.45703125], "gyro": [-0.017578125, 0.017578125, -0.03515625], "quat": [0.48187255859375, -0.48944091796875, 0.4522705078125, -0.5689697265625]}