{"timestamp": 1761116048.4754815, "flex": [1103, 1261, 762, 1023, 0], "accel": [0.49609375, -9.5390625, 1.109375], "gyro": [-0.494140625, 0.103515625, -0.12890625], "quat": [0.5062255859375, -0.4715576171875, 0.47119140625, -0.547119140625]}