{"timestamp": 1761116033.0049562, "flex": [1668, 1697, 1424, 1474, 0], "accel": [-2.10546875, -3.79296875, 8.5390625], "gyro": [-0.017578125, 0.0, -0.0078125], "quat": [0.62249755859375, -0.04071044921875, 0.233154296875, -0.7459716796875]}