{"timestamp": 1761116037.2401247, "flex": [1702, 1707, 1421, 1609, 0], "accel": [-0.8828125, -5.9375, 8.23828125], "gyro": [-1.046875, -1.017578125, -0.34765625], "quat": [0.62152099609375, -0.14752197265625, 0.27587890625, -0.71820068359375]}