{"timestamp": 1761116033.0059497, "flex": [1677, 1688, 1434, 1473, 0], "accel": [-2.296875, -3.984375, 8.58203125], "gyro": [-0.017578125, 0.0, -0.0078125], "quat": [0.62310791015625, -0.04620361328125, 0.2369384765625, -0.74395751953125]}