{"timestamp": 1761116039.2375333, "flex": [1717, 1683, 1438, 1607, 1], "accel": [-0.53515625, -5.9375, 8.0078125], "gyro": [-1.046875, -1.017578125, -0.34765625], "quat": [0.617919921875, -0.1890869140625, 0.27838134765625, -0.71063232421875]}