{"timestamp": 1761116087.2335336, "flex": [1734, 1691, 1520, 1623, 6], "accel": [0.7265625, -9.3046875, 1.37890625], "gyro": [-0.017578125, 0.017578125, -0.03515625], "quat": [0.48187255859375, -0.48944091796875, 0.4522705078125, -0.5689697265625]}