{"timestamp": 1761116032.571987, "flex": [1636, 1702, 1425, 1423, 0], "accel": [-2.48828125, -3.71484375, 8.62109375], "gyro": [-0.017578125, 0.0, -0.0078125], "quat": [0.626708984375, -0.03277587890625, 0.226318359375, -0.7449951171875]}