{"timestamp": 1761116084.5919025, "flex": [1755, 1684, 1598, 1506, 0], "accel": [1.109375, -9.8828125, 1.5703125], "gyro": [-0.03125, 0.01953125, -0.099609375], "quat": [0.50042724609375, -0.47930908203125, 0.4296875, -0.5789794921875]}