{"timestamp": 1761116068.156766, "flex": [1008, 1255, 707, 993, 0], "accel": [-0.19140625, -9.3046875, 0.765625], "gyro": [-0.197265625, 0.244140625, 0.0234375], "quat": [0.4881591796875, -0.43865966796875, 0.50225830078125, -0.56304931640625]}