{"timestamp": 1761116032.6944964, "flex": [1628, 1655, 1403, 1392, 0], "accel": [-2.03125, -3.5625, 8.62109375], "gyro": [-0.017578125, 0.0, -0.0078125], "quat": [0.6226806640625, -0.03411865234375, 0.22711181640625, -0.74798583984375]}