{"timestamp": 1761116033.072363, "flex": [1671, 1675, 1413, 1533, 3], "accel": [-2.296875, -4.90234375, 9.921875], "gyro": [-0.017578125, 0.0, -0.0078125], "quat": [0.62603759765625, -0.07177734375, 0.2435302734375, -0.7373046875]}