{"timestamp": 1761116065.2147465, "flex": [1050, 1265, 751, 985, 0], "accel": [-0.078125, -9.76953125, 1.109375], "gyro": [-0.197265625, 0.244140625, 0.0234375], "quat": [0.4935302734375, -0.44158935546875, 0.499267578125, -0.5587158203125]}