{"timestamp": 1761116085.9142547, "flex": [1693, 1636, 1490, 1352, 0], "accel": [1.45703125, -9.34375, 1.609375], "gyro": [-0.03125, 0.01953125, -0.099609375], "quat": [0.4901123046875, -0.46868896484375, 0.43939208984375, -0.589111328125]}