{"timestamp": 1761116052.7317214, "flex": [990, 1232, 658, 1017, 0], "accel": [0.3828125, -9.609375, 0.95703125], "gyro": [0.046875, 0.017578125, -0.029296875], "quat": [0.49835205078125, -0.45953369140625, 0.49053955078125, -0.54754638671875]}