{"timestamp": 1761116085.7938488, "flex": [1691, 1637, 1467, 1355, 0], "accel": [1.45703125, -9.34375, 1.609375], "gyro": [-0.03125, 0.01953125, -0.099609375], "quat": [0.4881591796875, -0.4700927734375, 0.44140625, -0.58807373046875]}