{"timestamp": 1761116044.215442, "flex": [1726, 1725, 1469, 1648, 0], "accel": [0.4609375, -6.16796875, 6.51171875], "gyro": [-1.046875, -1.017578125, -0.34765625], "quat": [0.611328125, -0.2659912109375, 0.2857666015625, -0.6883544921875]}