{"timestamp": 1761116047.5977747, "flex": [1712, 1699, 1509, 1690, 3], "accel": [0.3828125, -9.5, 2.03125], "gyro": [-0.494140625, 0.103515625, -0.12890625], "quat": [0.53515625, -0.46551513671875, 0.4317626953125, -0.55718994140625]}