{"timestamp": 1761116032.3803866, "flex": [1647, 1702, 1436, 1477, 4], "accel": [-2.10546875, -3.6015625, 8.578125], "gyro": [-0.017578125, 0.0, -0.0078125], "quat": [0.62713623046875, -0.03485107421875, 0.2252197265625, -0.74481201171875]}