{"timestamp": 1761116051.6803067, "flex": [1121, 1339, 728, 1091, 0], "accel": [-0.69140625, -9.46484375, 1.6484375], "gyro": [0.1328125, 0.154296875, 0.052734375], "quat": [0.51153564453125, -0.45623779296875, 0.4725341796875, -0.55401611328125]}