{"timestamp": 1761116064.8517978, "flex": [1092, 1275, 784, 971, 0], "accel": [-0.0390625, -10.34375, 1.30078125], "gyro": [-0.197265625, 0.244140625, 0.0234375], "quat": [0.4935302734375, -0.44158935546875, 0.499267578125, -0.5587158203125]}