{"timestamp": 1761116072.7115924, "flex": [1038, 1229, 634, 1003, 0], "accel": [1.109375, -9.15625, 1.33984375], "gyro": [-0.240234375, -0.384765625, -0.158203125], "quat": [0.48870849609375, -0.4677734375, 0.45709228515625, -0.57745361328125]}