{"timestamp": 1761116047.817395, "flex": [1741, 1712, 1499, 1680, 18], "accel": [0.49609375, -9.58203125, 2.22265625], "gyro": [-0.494140625, 0.103515625, -0.12890625], "quat": [0.53515625, -0.46551513671875, 0.4317626953125, -0.55718994140625]}