{"timestamp": 1761116051.681828, "flex": [1246, 1415, 807, 1209, 0], "accel": [0.421875, -10.15234375, 1.5703125], "gyro": [0.248046875, -0.478515625, 0.0703125], "quat": [0.512939453125, -0.4552001953125, 0.4725341796875, -0.55352783203125]}