{"timestamp": 1761116032.6217818, "flex": [1660, 1661, 1434, 1358, 0], "accel": [-2.375, -3.6015625, 8.54296875], "gyro": [-0.017578125, 0.0, -0.0078125], "quat": [0.62457275390625, -0.0323486328125, 0.22686767578125, -0.74658203125]}