{"timestamp": 1761116053.0969083, "flex": [986, 1236, 645, 1040, 0], "accel": [0.34375, -9.609375, 0.8828125], "gyro": [0.046875, 0.017578125, -0.029296875], "quat": [0.49835205078125, -0.45953369140625, 0.49053955078125, -0.54754638671875]}