{"timestamp": 1761116047.9349878, "flex": [1105, 1289, 800, 1050, 0], "accel": [0.49609375, -9.5390625, 1.109375], "gyro": [-0.494140625, 0.103515625, -0.12890625], "quat": [0.50634765625, -0.4725341796875, 0.47052001953125, -0.54669189453125]}