{"timestamp": 1761116046.615513, "flex": [1714, 1685, 1443, 1643, 0], "accel": [0.7265625, -6.62890625, 5.66796875], "gyro": [-1.20703125, -0.68359375, -0.107421875], "quat": [0.60736083984375, -0.29046630859375, 0.29345703125, -0.6787109375]}