{"timestamp": 1761116032.6366217, "flex": [1648, 1671, 1437, 1361, 0], "accel": [-2.26171875, -3.6015625, 8.578125], "gyro": [-0.017578125, 0.0, -0.0078125], "quat": [0.62347412109375, -0.0322265625, 0.2264404296875, -0.74761962890625]}