{"timestamp": 1761116064.7316265, "flex": [1105, 1295, 786, 982, 0], "accel": [0.0, -10.6484375, 1.72265625], "gyro": [-0.197265625, 0.244140625, 0.0234375], "quat": [0.4935302734375, -0.44158935546875, 0.499267578125, -0.5587158203125]}