{"timestamp": 1761116064.1939013, "flex": [1158, 1319, 848, 986, 0], "accel": [-0.4609375, -9.765625, 0.99609375], "gyro": [-0.197265625, 0.244140625, 0.0234375], "quat": [0.4935302734375, -0.44158935546875, 0.499267578125, -0.5587158203125]}