{"timestamp": 1761116032.6529684, "flex": [1639, 1662, 1424, 1378, 0], "accel": [-2.22265625, -3.5234375, 8.62109375], "gyro": [-0.017578125, 0.0, -0.0078125], "quat": [0.6229248046875, -0.0318603515625, 0.2271728515625, -0.74786376953125]}