{"timestamp": 1761116086.4546118, "flex": [1714, 1664, 1517, 1364, 0], "accel": [1.109375, -9.1171875, 1.72265625], "gyro": [-0.03125, 0.01953125, -0.099609375], "quat": [0.48883056640625, -0.46722412109375, 0.44146728515625, -0.58978271484375]}