{"timestamp": 1761116040.5519145, "flex": [1719, 1712, 1446, 1627, 0], "accel": [0.26953125, -6.12890625, 7.390625], "gyro": [-1.046875, -1.017578125, -0.34765625], "quat": [0.61529541015625, -0.23345947265625, 0.27911376953125, -0.6993408203125]}