{"timestamp": 1761116070.7949553, "flex": [1760, 1720, 1573, 1614, 26], "accel": [-0.23046875, -9.38671875, 1.4921875], "gyro": [0.31640625, -0.013671875, 0.080078125], "quat": [0.49530029296875, -0.4417724609375, 0.49676513671875, -0.5592041015625]}