{"timestamp": 1761116085.614492, "flex": [1709, 1638, 1456, 1340, 0], "accel": [1.07421875, -9.30859375, 0.95703125], "gyro": [-0.03125, 0.01953125, -0.099609375], "quat": [0.4881591796875, -0.4700927734375, 0.44140625, -0.58807373046875]}