{"timestamp": 1761116058.0162976, "flex": [1136, 1269, 734, 999, 0], "accel": [0.3046875, -9.6875, 0.91796875], "gyro": [0.046875, 0.017578125, -0.029296875], "quat": [0.48974609375, -0.45989990234375, 0.4932861328125, -0.552490234375]}