{"timestamp": 1761116058.4376407, "flex": [1104, 1282, 745, 1005, 0], "accel": [0.421875, -9.7265625, 1.03515625], "gyro": [0.046875, 0.017578125, -0.029296875], "quat": [0.48974609375, -0.45989990234375, 0.4932861328125, -0.552490234375]}