{"timestamp": 1761116032.7236686, "flex": [1629, 1668, 1407, 1441, 0], "accel": [-2.03125, -3.5625, 8.62109375], "gyro": [-0.017578125, 0.0, -0.0078125], "quat": [0.62255859375, -0.0343017578125, 0.22760009765625, -0.74798583984375]}