{"timestamp": 1761116084.7179587, "flex": [1765, 1715, 1630, 1575, 14], "accel": [0.99609375, -9.38671875, 1.76171875], "gyro": [-0.03125, 0.01953125, -0.099609375], "quat": [0.50042724609375, -0.47930908203125, 0.4296875, -0.5789794921875]}