{"timestamp": 1761116075.293631, "flex": [1744, 1702, 1599, 1614, 16], "accel": [1.265625, -9.6484375, 1.68359375], "gyro": [-0.03125, 0.01953125, -0.099609375], "quat": [0.49639892578125, -0.4698486328125, 0.43658447265625, -0.58502197265625]}