{"timestamp": 1761116084.7169614, "flex": [1770, 1705, 1616, 1535, 0], "accel": [1.109375, -9.265625, 1.609375], "gyro": [-0.03125, 0.01953125, -0.099609375], "quat": [0.50042724609375, -0.47930908203125, 0.4296875, -0.5789794921875]}