{"timestamp": 1761116060.173478, "flex": [981, 1231, 592, 1088, 0], "accel": [-0.078125, -9.46484375, 0.99609375], "gyro": [0.025390625, -0.044921875, 0.01953125], "quat": [0.4993896484375, -0.445556640625, 0.49591064453125, -0.5533447265625]}