{"timestamp": 1761116046.0149493, "flex": [1712, 1700, 1458, 1626, 16], "accel": [0.26953125, -6.97265625, 6.4375], "gyro": [-1.20703125, -0.68359375, -0.107421875], "quat": [0.6102294921875, -0.27294921875, 0.28765869140625, -0.68585205078125]}