{"timestamp": 1761116073.496815, "flex": [1398, 1488, 944, 1296, 0], "accel": [0.99609375, -9.38671875, 1.37890625], "gyro": [0.009765625, -0.099609375, 0.052734375], "quat": [0.48834228515625, -0.4697265625, 0.451171875, -0.580810546875]}