{"timestamp": 1761116086.8118975, "flex": [1717, 1671, 1471, 1577, 0], "accel": [0.65234375, -9.921875, 1.41796875], "gyro": [-0.017578125, 0.017578125, -0.03515625], "quat": [0.48187255859375, -0.48944091796875, 0.4522705078125, -0.5689697265625]}