{"timestamp": 1761116060.0516505, "flex": [976, 1223, 625, 1072, 0], "accel": [-0.078125, -9.46484375, 0.99609375], "gyro": [0.025390625, -0.044921875, 0.01953125], "quat": [0.4989013671875, -0.4453125, 0.494873046875, -0.5548095703125]}