{"timestamp": 1761116081.9558554, "flex": [1787, 1732, 1616, 1683, 0], "accel": [0.95703125, -9.34765625, 1.83984375], "gyro": [-0.03125, 0.01953125, -0.099609375], "quat": [0.49639892578125, -0.4698486328125, 0.43658447265625, -0.58502197265625]}