{"timestamp": 1761116032.515421, "flex": [1633, 1684, 1422, 1445, 0], "accel": [-2.26171875, -3.640625, 8.50390625], "gyro": [-0.017578125, 0.0, -0.0078125], "quat": [0.62701416015625, -0.0333251953125, 0.22589111328125, -0.7447509765625]}