{"timestamp": 1761116069.292302, "flex": [1730, 1691, 1523, 1535, 0], "accel": [-0.4609375, -9.6875, 1.30078125], "gyro": [0.31640625, -0.013671875, 0.080078125], "quat": [0.49530029296875, -0.4417724609375, 0.49676513671875, -0.5592041015625]}