{"timestamp": 1761116051.683897, "flex": [994, 1244, 659, 1015, 0], "accel": [0.23046875, -9.84375, 1.03515625], "gyro": [0.046875, 0.017578125, -0.029296875], "quat": [0.49835205078125, -0.45953369140625, 0.49053955078125, -0.54754638671875]}