{"timestamp": 1761116033.2748246, "flex": [1695, 1695, 1424, 1584, 0], "accel": [-1.1875, -5.515625, 8.5], "gyro": [-0.017578125, 0.0, -0.0078125], "quat": [0.62213134765625, -0.1397705078125, 0.27508544921875, -0.71954345703125]}