{"timestamp": 1761116085.3147995, "flex": [1788, 1722, 1648, 1648, 16], "accel": [1.2265625, -9.265625, 1.83984375], "gyro": [-0.03125, 0.01953125, -0.099609375], "quat": [0.50701904296875, -0.46923828125, 0.424072265625, -0.5855712890625]}