{"timestamp": 1761116084.294694, "flex": [1730, 1670, 1572, 1503, 14], "accel": [0.99609375, -10.0, 1.53125], "gyro": [-0.03125, 0.01953125, -0.099609375], "quat": [0.50042724609375, -0.47930908203125, 0.4296875, -0.5789794921875]}