{"timestamp": 1761116032.3207011, "flex": [1666, 1701, 1409, 1494, 0], "accel": [-2.14453125, -3.79296875, 8.58203125], "gyro": [-0.017578125, 0.0, -0.0078125], "quat": [0.6275634765625, -0.0360107421875, 0.2259521484375, -0.744140625]}