{"timestamp": 1761116083.3318117, "flex": [1703, 1647, 1497, 1410, 0], "accel": [1.76171875, -9.2265625, 1.4921875], "gyro": [-0.03125, 0.01953125, -0.099609375], "quat": [0.494140625, -0.4818115234375, 0.43426513671875, -0.57891845703125]}