{"timestamp": 1761116047.2748694, "flex": [1706, 1705, 1472, 1663, 0], "accel": [0.65234375, -9.34765625, 1.87890625], "gyro": [-0.494140625, 0.103515625, -0.12890625], "quat": [0.53515625, -0.46551513671875, 0.4317626953125, -0.55718994140625]}