{"timestamp": 1761116062.3737183, "flex": [1175, 1315, 865, 996, 0], "accel": [-0.34375, -9.421875, 0.7265625], "gyro": [-0.197265625, 0.244140625, 0.0234375], "quat": [0.4935302734375, -0.44158935546875, 0.499267578125, -0.5587158203125]}