{"timestamp": 1761116051.685915, "flex": [978, 1215, 634, 1018, 0], "accel": [0.078125, -9.69140625, 0.91796875], "gyro": [0.046875, 0.017578125, -0.029296875], "quat": [0.49835205078125, -0.45953369140625, 0.49053955078125, -0.54754638671875]}