{"timestamp": 1761116048.6329138, "flex": [990, 1191, 685, 1007, 0], "accel": [0.49609375, -9.921875, 1.2265625], "gyro": [-0.494140625, 0.103515625, -0.12890625], "quat": [0.5081787109375, -0.46734619140625, 0.47271728515625, -0.547607421875]}