{"timestamp": 1761116032.5425828, "flex": [1633, 1692, 1451, 1439, 0], "accel": [-2.48828125, -3.67578125, 8.5390625], "gyro": [-0.017578125, 0.0, -0.0078125], "quat": [0.62701416015625, -0.0333251953125, 0.22589111328125, -0.7447509765625]}