{"timestamp": 1761116053.397115, "flex": [1043, 1253, 656, 1083, 0], "accel": [-0.26953125, -9.421875, 0.8828125], "gyro": [0.046875, 0.017578125, -0.029296875], "quat": [0.49835205078125, -0.45953369140625, 0.49053955078125, -0.54754638671875]}