{"timestamp": 1761116064.6139321, "flex": [1142, 1294, 805, 981, 0], "accel": [-0.3046875, -10.1875, 1.33984375], "gyro": [-0.197265625, 0.244140625, 0.0234375], "quat": [0.4935302734375, -0.44158935546875, 0.499267578125, -0.5587158203125]}