{"timestamp": 1761116078.418163, "flex": [1798, 1733, 1657, 1713, 6], "accel": [1.1875, -9.4609375, 2.03125], "gyro": [-0.03125, 0.01953125, -0.099609375], "quat": [0.49639892578125, -0.4698486328125, 0.43658447265625, -0.58502197265625]}