{"timestamp": 1761116057.9553525, "flex": [1165, 1327, 775, 1036, 0], "accel": [0.11328125, -9.54296875, 0.95703125], "gyro": [0.046875, 0.017578125, -0.029296875], "quat": [0.49090576171875, -0.46051025390625, 0.492431640625, -0.5517578125]}