{"timestamp": 1761116039.7156594, "flex": [1705, 1679, 1425, 1613, 15], "accel": [0.26953125, -6.12890625, 7.390625], "gyro": [-1.046875, -1.017578125, -0.34765625], "quat": [0.6163330078125, -0.21893310546875, 0.2781982421875, -0.70343017578125]}