{"timestamp": 1761116032.5868607, "flex": [1646, 1655, 1423, 1425, 0], "accel": [-1.9921875, -3.5625, 8.62109375], "gyro": [-0.017578125, 0.0, -0.0078125], "quat": [0.62652587890625, -0.0328369140625, 0.22625732421875, -0.7451171875]}