{"timestamp": 1761116032.3495524, "flex": [1663, 1663, 1436, 1472, 0], "accel": [-2.375, -3.44921875, 8.5390625], "gyro": [-0.017578125, 0.0, -0.0078125], "quat": [0.62713623046875, -0.03485107421875, 0.2252197265625, -0.74481201171875]}