{"timestamp": 1761116060.5339143, "flex": [1005, 1252, 587, 1081, 0], "accel": [-0.078125, -9.46484375, 0.99609375], "gyro": [-0.060546875, 0.037109375, 0.078125], "quat": [0.49932861328125, -0.445556640625, 0.49627685546875, -0.552978515625]}