{"timestamp": 1761116033.1897018, "flex": [1707, 1681, 1403, 1571, 0], "accel": [-2.18359375, -5.25, 9.76953125], "gyro": [-0.017578125, 0.0, -0.0078125], "quat": [0.62591552734375, -0.0916748046875, 0.26397705078125, -0.7281494140625]}