{"timestamp": 1761116033.191645, "flex": [1690, 1680, 1383, 1577, 0], "accel": [-2.18359375, -5.25, 9.76953125], "gyro": [-0.017578125, 0.0, -0.0078125], "quat": [0.62347412109375, -0.11810302734375, 0.27197265625, -0.72344970703125]}