{"timestamp": 1761116080.0917058, "flex": [1771, 1720, 1641, 1723, 19], "accel": [1.109375, -10.0, 1.87890625], "gyro": [-0.03125, 0.01953125, -0.099609375], "quat": [0.49639892578125, -0.4698486328125, 0.43658447265625, -0.58502197265625]}