{"timestamp": 1761116032.3794894, "flex": [1643, 1670, 1431, 1486, 0], "accel": [-2.10546875, -3.6015625, 8.6171875], "gyro": [-0.017578125, 0.0, -0.0078125], "quat": [0.62713623046875, -0.03485107421875, 0.2252197265625, -0.74481201171875]}