{"timestamp": 1761116078.4161413, "flex": [1775, 1742, 1648, 1703, 7], "accel": [0.99609375, -9.23046875, 1.76171875], "gyro": [-0.03125, 0.01953125, -0.099609375], "quat": [0.49639892578125, -0.4698486328125, 0.43658447265625, -0.58502197265625]}