{"timestamp": 1761116043.8576891, "flex": [1721, 1696, 1428, 1643, 0], "accel": [0.4609375, -6.16796875, 6.51171875], "gyro": [-1.046875, -1.017578125, -0.34765625], "quat": [0.61395263671875, -0.24627685546875, 0.28118896484375, -0.69525146484375]}