{"timestamp": 1761116053.5190513, "flex": [1008, 1236, 663, 989, 0], "accel": [0.34375, -9.50390625, 1.03515625], "gyro": [0.046875, 0.017578125, -0.029296875], "quat": [0.49029541015625, -0.4515380859375, 0.4954833984375, -0.55694580078125]}