{"timestamp": 1761116046.7920368, "flex": [1697, 1685, 1449, 1623, 0], "accel": [0.49609375, -9.3828125, 1.609375], "gyro": [-0.494140625, 0.103515625, -0.12890625], "quat": [0.51226806640625, -0.4893798828125, 0.441162109375, -0.55084228515625]}