{"timestamp": 1761116073.6162722, "flex": [1527, 1554, 1134, 1380, 0], "accel": [0.99609375, -10.00390625, 1.83984375], "gyro": [0.009765625, -0.099609375, 0.052734375], "quat": [0.48834228515625, -0.4697265625, 0.451171875, -0.580810546875]}