{"timestamp": 1761116046.7421117, "flex": [1687, 1683, 1434, 1584, 16], "accel": [0.65234375, -9.61328125, 1.80078125], "gyro": [-0.494140625, 0.103515625, -0.12890625], "quat": [0.51226806640625, -0.4893798828125, 0.441162109375, -0.55084228515625]}