{"timestamp": 1761116081.1141102, "flex": [1781, 1733, 1645, 1714, 7], "accel": [0.8828125, -9.54296875, 1.37890625], "gyro": [-0.03125, 0.01953125, -0.099609375], "quat": [0.49639892578125, -0.4698486328125, 0.43658447265625, -0.58502197265625]}