{"timestamp": 1761116084.925803, "flex": [1762, 1712, 1627, 1584, 3], "accel": [0.99609375, -9.38671875, 1.76171875], "gyro": [-0.03125, 0.01953125, -0.099609375], "quat": [0.50518798828125, -0.4705810546875, 0.42626953125, -0.58447265625]}