{"timestamp": 1761116033.147614, "flex": [1680, 1678, 1406, 1535, 0], "accel": [-2.0703125, -5.9375, 11.1484375], "gyro": [-0.017578125, 0.0, -0.0078125], "quat": [0.62591552734375, -0.0916748046875, 0.26397705078125, -0.7281494140625]}