{"timestamp": 1761116033.0029328, "flex": [1654, 1663, 1424, 1437, 0], "accel": [-2.10546875, -3.8671875, 8.54296875], "gyro": [-0.017578125, 0.0, -0.0078125], "quat": [0.62261962890625, -0.03887939453125, 0.23077392578125, -0.7467041015625]}