{"timestamp": 1761116075.2900944, "flex": [1738, 1677, 1572, 1598, 0], "accel": [1.265625, -9.73046875, 1.609375], "gyro": [-0.03125, 0.01953125, -0.099609375], "quat": [0.49639892578125, -0.4698486328125, 0.43658447265625, -0.58502197265625]}