{"timestamp": 1761116073.9749668, "flex": [1585, 1567, 1198, 1425, 0], "accel": [0.99609375, -10.00390625, 1.83984375], "gyro": [0.009765625, -0.099609375, 0.052734375], "quat": [0.49298095703125, -0.47015380859375, 0.44989013671875, -0.5775146484375]}