{"timestamp": 1761116084.7139423, "flex": [1763, 1722, 1616, 1535, 0], "accel": [1.37890625, -9.5, 1.6484375], "gyro": [-0.03125, 0.01953125, -0.099609375], "quat": [0.50042724609375, -0.47930908203125, 0.4296875, -0.5789794921875]}