{"timestamp": 1761116032.5767775, "flex": [1642, 1664, 1455, 1424, 0], "accel": [-2.48828125, -3.71484375, 8.62109375], "gyro": [-0.017578125, 0.0, -0.0078125], "quat": [0.62652587890625, -0.0328369140625, 0.22625732421875, -0.7451171875]}