{"timestamp": 1761116071.4515488, "flex": [1773, 1723, 1617, 1695, 3], "accel": [-0.23046875, -9.6484375, 1.4921875], "gyro": [0.31640625, -0.013671875, 0.080078125], "quat": [0.5147705078125, -0.427734375, 0.48858642578125, -0.55975341796875]}