{"timestamp": 1761116070.855703, "flex": [1776, 1743, 1613, 1637, 2], "accel": [-0.26953125, -9.80859375, 1.30078125], "gyro": [0.31640625, -0.013671875, 0.080078125], "quat": [0.49530029296875, -0.4417724609375, 0.49676513671875, -0.5592041015625]}