{"timestamp": 1761116072.0519185, "flex": [1782, 1747, 1634, 1738, 16], "accel": [-0.19140625, -9.578125, 1.45703125], "gyro": [0.31640625, -0.013671875, 0.080078125], "quat": [0.5147705078125, -0.427734375, 0.48858642578125, -0.55975341796875]}