{"timestamp": 1761116032.438255, "flex": [1648, 1685, 1426, 1482, 0], "accel": [-2.26171875, -3.640625, 8.50390625], "gyro": [-0.017578125, 0.0, -0.0078125], "quat": [0.6270751953125, -0.03363037109375, 0.22564697265625, -0.7447509765625]}