{"timestamp": 1761116057.0100238, "flex": [1293, 1407, 911, 1085, 0], "accel": [0.0, -8.9609375, 0.69140625], "gyro": [0.046875, 0.017578125, -0.029296875], "quat": [0.4912109375, -0.4576416015625, 0.49346923828125, -0.552978515625]}