{"timestamp": 1761116032.6518884, "flex": [1615, 1654, 1428, 1386, 0], "accel": [-2.3359375, -3.5234375, 8.578125], "gyro": [-0.017578125, 0.0, -0.0078125], "quat": [0.6229248046875, -0.0318603515625, 0.2271728515625, -0.74786376953125]}