{"timestamp": 1761116058.0152936, "flex": [1117, 1294, 752, 1040, 0], "accel": [-0.078125, -9.50390625, 0.91796875], "gyro": [0.046875, 0.017578125, -0.029296875], "quat": [0.48974609375, -0.45989990234375, 0.4932861328125, -0.552490234375]}