{"timestamp": 1761116039.836261, "flex": [1709, 1712, 1446, 1618, 0], "accel": [0.26953125, -6.12890625, 7.390625], "gyro": [-1.046875, -1.017578125, -0.34765625], "quat": [0.6158447265625, -0.2264404296875, 0.2784423828125, -0.70135498046875]}