{"timestamp": 1761116059.7055347, "flex": [1089, 1265, 720, 989, 0], "accel": [0.3828125, -9.92578125, 1.1484375], "gyro": [0.046875, 0.017578125, -0.029296875], "quat": [0.48974609375, -0.45989990234375, 0.4932861328125, -0.552490234375]}