{"timestamp": 1761116032.6501083, "flex": [1635, 1667, 1431, 1392, 0], "accel": [-2.48828125, -3.71484375, 8.54296875], "gyro": [-0.017578125, 0.0, -0.0078125], "quat": [0.6229248046875, -0.0318603515625, 0.2271728515625, -0.74786376953125]}