{"timestamp": 1761116032.759948, "flex": [1641, 1664, 1395, 1415, 0], "accel": [-2.22265625, -3.79296875, 8.65625], "gyro": [-0.017578125, 0.0, -0.0078125], "quat": [0.62237548828125, -0.0357666015625, 0.22906494140625, -0.74761962890625]}