{"timestamp": 1761116032.6317992, "flex": [1634, 1653, 1429, 1368, 0], "accel": [-2.375, -3.6015625, 8.54296875], "gyro": [-0.017578125, 0.0, -0.0078125], "quat": [0.62384033203125, -0.03228759765625, 0.22650146484375, -0.747314453125]}