{"timestamp": 1761116075.2316217, "flex": [1698, 1648, 1458, 1555, 11], "accel": [1.45703125, -9.23046875, 1.37890625], "gyro": [-0.03125, 0.01953125, -0.099609375], "quat": [0.49639892578125, -0.4698486328125, 0.43658447265625, -0.58502197265625]}