{"timestamp": 1761116053.5788512, "flex": [994, 1235, 644, 1023, 0], "accel": [0.3828125, -9.73046875, 1.2265625], "gyro": [0.046875, 0.017578125, -0.029296875], "quat": [0.4901123046875, -0.45233154296875, 0.49420166015625, -0.5576171875]}