{"timestamp": 1761116032.6166186, "flex": [1623, 1632, 1414, 1401, 0], "accel": [-2.296875, -3.71484375, 8.5390625], "gyro": [-0.017578125, 0.0, -0.0078125], "quat": [0.62457275390625, -0.0323486328125, 0.22686767578125, -0.74658203125]}