{"timestamp": 1761116033.2359526, "flex": [1680, 1701, 1420, 1567, 9], "accel": [-1.1875, -5.515625, 8.5], "gyro": [-0.017578125, 0.0, -0.0078125], "quat": [0.62347412109375, -0.11810302734375, 0.27197265625, -0.72344970703125]}