{"timestamp": 1761116055.9157205, "flex": [1139, 1357, 762, 1125, 0], "accel": [0.11328125, -9.84375, 0.765625], "gyro": [0.046875, 0.017578125, -0.029296875], "quat": [0.49462890625, -0.4554443359375, 0.4935302734375, -0.55169677734375]}