{"timestamp": 1761116045.0602014, "flex": [1701, 1693, 1447, 1618, 0], "accel": [0.4609375, -6.16796875, 6.51171875], "gyro": [-1.20703125, -0.68359375, -0.107421875], "quat": [0.6102294921875, -0.27294921875, 0.28765869140625, -0.68585205078125]}