{"timestamp": 1761116054.9550982, "flex": [1099, 1334, 733, 1097, 0], "accel": [0.11328125, -9.58203125, 0.99609375], "gyro": [0.046875, 0.017578125, -0.029296875], "quat": [0.49029541015625, -0.45428466796875, 0.4937744140625, -0.55621337890625]}