{"timestamp": 1761116075.2417338, "flex": [1715, 1679, 1534, 1581, 0], "accel": [1.6484375, -9.5, 1.83984375], "gyro": [-0.03125, 0.01953125, -0.099609375], "quat": [0.49639892578125, -0.4698486328125, 0.43658447265625, -0.58502197265625]}