{"timestamp": 1761116084.1731784, "flex": [1712, 1679, 1558, 1471, 0], "accel": [1.5703125, -9.5390625, 1.609375], "gyro": [-0.03125, 0.01953125, -0.099609375], "quat": [0.50042724609375, -0.47930908203125, 0.4296875, -0.5789794921875]}