{"timestamp": 1761116069.534926, "flex": [1742, 1701, 1564, 1590, 0], "accel": [-0.11328125, -9.19921875, 1.1484375], "gyro": [0.31640625, -0.013671875, 0.080078125], "quat": [0.49530029296875, -0.4417724609375, 0.49676513671875, -0.5592041015625]}