{"timestamp": 1761116081.9548557, "flex": [1773, 1740, 1628, 1712, 19], "accel": [1.03515625, -8.96484375, 1.41796875], "gyro": [-0.03125, 0.01953125, -0.099609375], "quat": [0.49639892578125, -0.4698486328125, 0.43658447265625, -0.58502197265625]}