{"timestamp": 1761116060.1133354, "flex": [953, 1207, 592, 1088, 0], "accel": [-0.078125, -9.46484375, 0.99609375], "gyro": [0.025390625, -0.044921875, 0.01953125], "quat": [0.4991455078125, -0.44512939453125, 0.4949951171875, -0.5546875]}