{"timestamp": 1761116033.2814221, "flex": [1691, 1669, 1430, 1597, 10], "accel": [-1.1875, -5.515625, 8.5], "gyro": [-0.017578125, 0.0, -0.0078125], "quat": [0.62152099609375, -0.14752197265625, 0.27587890625, -0.71820068359375]}