{"timestamp": 1761116086.5740466, "flex": [1707, 1632, 1401, 1535, 15], "accel": [0.65234375, -10.03515625, 1.609375], "gyro": [-0.017578125, 0.017578125, -0.03515625], "quat": [0.48187255859375, -0.48944091796875, 0.4522705078125, -0.5689697265625]}