{"timestamp": 1761116032.3196905, "flex": [1648, 1669, 1413, 1516, 0], "accel": [-2.14453125, -3.79296875, 8.58203125], "gyro": [-0.017578125, 0.0, -0.0078125], "quat": [0.62774658203125, -0.03668212890625, 0.2261962890625, -0.743896484375]}