{"timestamp": 1761116037.1219485, "flex": [1699, 1681, 1399, 1590, 0], "accel": [-1.1875, -5.515625, 8.5], "gyro": [-1.046875, -1.017578125, -0.34765625], "quat": [0.62152099609375, -0.14752197265625, 0.27587890625, -0.71820068359375]}