{"timestamp": 1761116032.641789, "flex": [1616, 1642, 1433, 1365, 0], "accel": [-2.26171875, -3.6015625, 8.578125], "gyro": [-0.017578125, 0.0, -0.0078125], "quat": [0.62347412109375, -0.0322265625, 0.22662353515625, -0.74761962890625]}