{"timestamp": 1761116085.5540845, "flex": [1699, 1637, 1453, 1343, 0], "accel": [1.07421875, -9.30859375, 0.95703125], "gyro": [-0.03125, 0.01953125, -0.099609375], "quat": [0.4876708984375, -0.47027587890625, 0.4420166015625, -0.587890625]}