{"timestamp": 1761116039.0517395, "flex": [1695, 1692, 1424, 1636, 0], "accel": [-0.69140625, -5.74609375, 7.8515625], "gyro": [-1.046875, -1.017578125, -0.34765625], "quat": [0.619873046875, -0.1685791015625, 0.2769775390625, -0.714599609375]}