{"timestamp": 1761116053.8779917, "flex": [1041, 1301, 689, 1085, 0], "accel": [-0.0390625, -9.54296875, 0.95703125], "gyro": [0.046875, 0.017578125, -0.029296875], "quat": [0.49029541015625, -0.45428466796875, 0.4937744140625, -0.55621337890625]}