{"timestamp": 1761116052.5546196, "flex": [951, 1231, 624, 1041, 0], "accel": [0.3046875, -9.61328125, 0.95703125], "gyro": [0.046875, 0.017578125, -0.029296875], "quat": [0.49835205078125, -0.45953369140625, 0.49053955078125, -0.54754638671875]}