{"timestamp": 1761116084.9821498, "flex": [1786, 1728, 1658, 1626, 0], "accel": [1.2265625, -9.265625, 1.83984375], "gyro": [-0.03125, 0.01953125, -0.099609375], "quat": [0.50518798828125, -0.4705810546875, 0.42626953125, -0.58447265625]}