{"timestamp": 1761116046.7357671, "flex": [1723, 1684, 1445, 1621, 9], "accel": [0.7265625, -6.62890625, 5.66796875], "gyro": [-1.20703125, -0.68359375, -0.107421875], "quat": [0.60321044921875, -0.31195068359375, 0.30291748046875, -0.66864013671875]}