{"timestamp": 1761116054.054579, "flex": [1067, 1305, 733, 1090, 0], "accel": [0.0390625, -9.58203125, 1.03515625], "gyro": [0.046875, 0.017578125, -0.029296875], "quat": [0.49029541015625, -0.45428466796875, 0.4937744140625, -0.55621337890625]}