{"timestamp": 1761116032.3350477, "flex": [1664, 1680, 1399, 1479, 0], "accel": [-2.375, -3.44921875, 8.5390625], "gyro": [-0.017578125, 0.0, -0.0078125], "quat": [0.6275634765625, -0.0360107421875, 0.2259521484375, -0.744140625]}