{"timestamp": 1761116074.515945, "flex": [1607, 1600, 1265, 1475, 6], "accel": [1.33984375, -9.84375, 1.53125], "gyro": [0.009765625, -0.099609375, 0.052734375], "quat": [0.49298095703125, -0.47015380859375, 0.44989013671875, -0.5775146484375]}