{"timestamp": 1761116033.1904838, "flex": [1681, 1675, 1407, 1558, 11], "accel": [-2.18359375, -5.25, 9.76953125], "gyro": [-0.017578125, 0.0, -0.0078125], "quat": [0.6240234375, -0.1104736328125, 0.270751953125, -0.724609375]}