{"timestamp": 1761116032.601463, "flex": [1650, 1651, 1428, 1409, 0], "accel": [-2.22265625, -3.71484375, 8.578125], "gyro": [-0.017578125, 0.0, -0.0078125], "quat": [0.62591552734375, -0.03338623046875, 0.225830078125, -0.7457275390625]}