{"timestamp": 1761116086.871879, "flex": [1734, 1681, 1489, 1569, 10], "accel": [0.7265625, -9.6484375, 1.33984375], "gyro": [-0.017578125, 0.017578125, -0.03515625], "quat": [0.48187255859375, -0.48944091796875, 0.4522705078125, -0.5689697265625]}