{"timestamp": 1761116032.6646755, "flex": [1616, 1669, 1414, 1388, 0], "accel": [-2.22265625, -3.5234375, 8.62109375], "gyro": [-0.017578125, 0.0, -0.0078125], "quat": [0.6229248046875, -0.0328369140625, 0.22662353515625, -0.74798583984375]}