{"timestamp": 1761116046.4082437, "flex": [1712, 1685, 1443, 1648, 0], "accel": [0.26953125, -6.97265625, 6.4375], "gyro": [-1.20703125, -0.68359375, -0.107421875], "quat": [0.60736083984375, -0.29046630859375, 0.29345703125, -0.6787109375]}