{"timestamp": 1761116073.4920228, "flex": [1010, 1206, 613, 1021, 0], "accel": [1.33984375, -9.80859375, 1.6484375], "gyro": [-0.240234375, -0.384765625, -0.158203125], "quat": [0.48870849609375, -0.4677734375, 0.45709228515625, -0.57745361328125]}