{"timestamp": 1761116073.0757954, "flex": [1009, 1227, 627, 1008, 0], "accel": [1.07421875, -8.921875, 1.1484375], "gyro": [-0.240234375, -0.384765625, -0.158203125], "quat": [0.48870849609375, -0.4677734375, 0.45709228515625, -0.57745361328125]}