{"timestamp": 1761116069.4119194, "flex": [1747, 1687, 1523, 1586, 16], "accel": [-0.34375, -9.3828125, 1.1484375], "gyro": [0.31640625, -0.013671875, 0.080078125], "quat": [0.49530029296875, -0.4417724609375, 0.49676513671875, -0.5592041015625]}