{"timestamp": 1761116051.5719352, "flex": [1057, 1264, 691, 1073, 0], "accel": [-0.11328125, -9.54296875, 1.41796875], "gyro": [0.1328125, 0.154296875, 0.052734375], "quat": [0.51116943359375, -0.45989990234375, 0.47186279296875, -0.5518798828125]}