{"timestamp": 1761116046.9157825, "flex": [1702, 1686, 1458, 1648, 0], "accel": [0.49609375, -9.3828125, 1.609375], "gyro": [-0.494140625, 0.103515625, -0.12890625], "quat": [0.53515625, -0.46551513671875, 0.4317626953125, -0.55718994140625]}