{"timestamp": 1761116053.5217197, "flex": [988, 1242, 656, 1009, 0], "accel": [0.11328125, -9.265625, 0.99609375], "gyro": [0.046875, 0.017578125, -0.029296875], "quat": [0.4901123046875, -0.45233154296875, 0.49420166015625, -0.5576171875]}