{"timestamp": 1761116052.3756065, "flex": [983, 1237, 640, 1023, 0], "accel": [0.11328125, -9.6484375, 0.95703125], "gyro": [0.046875, 0.017578125, -0.029296875], "quat": [0.49835205078125, -0.45953369140625, 0.49053955078125, -0.54754638671875]}