{"timestamp": 1761116046.7367754, "flex": [1744, 1696, 1479, 1616, 0], "accel": [0.421875, -6.7421875, 5.1328125], "gyro": [-1.20703125, -0.68359375, -0.107421875], "quat": [0.5963134765625, -0.33062744140625, 0.31292724609375, -0.66119384765625]}