{"timestamp": 1761116053.6317976, "flex": [996, 1255, 650, 1023, 0], "accel": [0.421875, -9.84765625, 1.265625], "gyro": [0.046875, 0.017578125, -0.029296875], "quat": [0.4901123046875, -0.45233154296875, 0.49420166015625, -0.5576171875]}