{"timestamp": 1761116032.841572, "flex": [1638, 1665, 1385, 1451, 0], "accel": [-2.10546875, -3.8671875, 8.54296875], "gyro": [-0.017578125, 0.0, -0.0078125], "quat": [0.62237548828125, -0.0357666015625, 0.22906494140625, -0.74761962890625]}