{"timestamp": 1761116060.9293392, "flex": [1022, 1261, 622, 1121, 0], "accel": [-0.19140625, -9.30859375, 0.95703125], "gyro": [-0.060546875, 0.037109375, 0.078125], "quat": [0.49908447265625, -0.4447021484375, 0.498291015625, -0.55218505859375]}