{"timestamp": 1761116084.926803, "flex": [1774, 1728, 1623, 1590, 0], "accel": [1.03515625, -9.38671875, 1.83984375], "gyro": [-0.03125, 0.01953125, -0.099609375], "quat": [0.50518798828125, -0.4705810546875, 0.42626953125, -0.58447265625]}