{"timestamp": 1761116032.643497, "flex": [1630, 1663, 1418, 1359, 0], "accel": [-2.3359375, -3.71484375, 8.50390625], "gyro": [-0.017578125, 0.0, -0.0078125], "quat": [0.6234130859375, -0.0321044921875, 0.22674560546875, -0.74761962890625]}