{"timestamp": 1761116033.1237547, "flex": [1680, 1679, 1413, 1534, 10], "accel": [-2.0703125, -5.9375, 11.1484375], "gyro": [-0.017578125, 0.0, -0.0078125], "quat": [0.6265869140625, -0.08489990234375, 0.257080078125, -0.73077392578125]}