{"timestamp": 1761116055.735453, "flex": [1118, 1318, 743, 1111, 0], "accel": [0.11328125, -9.58203125, 0.99609375], "gyro": [0.046875, 0.017578125, -0.029296875], "quat": [0.49462890625, -0.4554443359375, 0.4935302734375, -0.55169677734375]}