{"timestamp": 1761116048.5966458, "flex": [1062, 1232, 736, 1015, 0], "accel": [0.49609375, -9.921875, 1.2265625], "gyro": [-0.494140625, 0.103515625, -0.12890625], "quat": [0.50628662109375, -0.47015380859375, 0.4722900390625, -0.54736328125]}