{"timestamp": 1761116073.6114988, "flex": [1493, 1521, 1079, 1378, 0], "accel": [1.1484375, -9.92578125, 1.83984375], "gyro": [0.009765625, -0.099609375, 0.052734375], "quat": [0.48834228515625, -0.4697265625, 0.451171875, -0.580810546875]}