{"timestamp": 1761116079.1920254, "flex": [1767, 1744, 1623, 1716, 0], "accel": [1.45703125, -9.9609375, 2.3359375], "gyro": [-0.03125, 0.01953125, -0.099609375], "quat": [0.49639892578125, -0.4698486328125, 0.43658447265625, -0.58502197265625]}