{"timestamp": 1761116049.136053, "flex": [1041, 1264, 689, 1067, 0], "accel": [0.23046875, -9.6875, 1.33984375], "gyro": [0.1328125, 0.154296875, 0.052734375], "quat": [0.51116943359375, -0.45989990234375, 0.47186279296875, -0.5518798828125]}