{"timestamp": 1761116086.399616, "flex": [1719, 1663, 1499, 1347, 0], "accel": [1.109375, -9.1171875, 1.72265625], "gyro": [-0.03125, 0.01953125, -0.099609375], "quat": [0.4901123046875, -0.46868896484375, 0.43939208984375, -0.589111328125]}