{"timestamp": 1761116078.8340623, "flex": [1786, 1724, 1654, 1710, 22], "accel": [1.33984375, -9.69140625, 2.26171875], "gyro": [-0.03125, 0.01953125, -0.099609375], "quat": [0.49639892578125, -0.4698486328125, 0.43658447265625, -0.58502197265625]}