{"timestamp": 1761116048.775853, "flex": [1039, 1243, 698, 1042, 0], "accel": [0.49609375, -9.921875, 1.2265625], "gyro": [0.1328125, 0.154296875, 0.052734375], "quat": [0.51116943359375, -0.45989990234375, 0.47186279296875, -0.5518798828125]}