{"timestamp": 1761116032.648549, "flex": [1630, 1667, 1427, 1379, 0], "accel": [-2.48828125, -3.71484375, 8.54296875], "gyro": [-0.017578125, 0.0, -0.0078125], "quat": [0.6234130859375, -0.0321044921875, 0.22674560546875, -0.74761962890625]}