{"timestamp": 1761116033.0592859, "flex": [1669, 1653, 1424, 1501, 0], "accel": [-2.296875, -3.984375, 8.62109375], "gyro": [-0.017578125, 0.0, -0.0078125], "quat": [0.6236572265625, -0.05181884765625, 0.23760986328125, -0.742919921875]}