{"timestamp": 1761116033.0708349, "flex": [1678, 1679, 1415, 1531, 0], "accel": [-2.296875, -4.90234375, 9.921875], "gyro": [-0.017578125, 0.0, -0.0078125], "quat": [0.62567138671875, -0.06805419921875, 0.2420654296875, -0.73846435546875]}