{"timestamp": 1761116084.7149634, "flex": [1747, 1712, 1597, 1557, 13], "accel": [1.30078125, -9.23046875, 1.609375], "gyro": [-0.03125, 0.01953125, -0.099609375], "quat": [0.50042724609375, -0.47930908203125, 0.4296875, -0.5789794921875]}