{"timestamp": 1761116032.2601779, "flex": [1643, 1690, 1393, 1505, 0], "accel": [-2.14453125, -3.79296875, 8.58203125], "gyro": [-0.017578125, 0.0, -0.0078125], "quat": [0.62811279296875, -0.03802490234375, 0.22698974609375, -0.74334716796875]}