{"timestamp": 1761116032.9017227, "flex": [1655, 1680, 1414, 1441, 0], "accel": [-2.10546875, -3.8671875, 8.54296875], "gyro": [-0.017578125, 0.0, -0.0078125], "quat": [0.62249755859375, -0.03839111328125, 0.23046875, -0.7469482421875]}