{"timestamp": 1761116053.5117579, "flex": [1034, 1232, 693, 975, 0], "accel": [0.0, -9.6875, 1.109375], "gyro": [0.046875, 0.017578125, -0.029296875], "quat": [0.49102783203125, -0.4510498046875, 0.4959716796875, -0.5562744140625]}