{"timestamp": 1761116046.5585651, "flex": [1713, 1705, 1446, 1621, 16], "accel": [0.61328125, -6.36328125, 5.70703125], "gyro": [-1.20703125, -0.68359375, -0.107421875], "quat": [0.60736083984375, -0.29046630859375, 0.29345703125, -0.6787109375]}