{"timestamp": 1761116085.731968, "flex": [1702, 1646, 1490, 1338, 0], "accel": [1.41796875, -9.609375, 1.76171875], "gyro": [-0.03125, 0.01953125, -0.099609375], "quat": [0.4881591796875, -0.4700927734375, 0.44140625, -0.58807373046875]}