{"timestamp": 1761116057.0637424, "flex": [1274, 1376, 875, 1073, 0], "accel": [0.0, -8.9609375, 0.69140625], "gyro": [0.046875, 0.017578125, -0.029296875], "quat": [0.49151611328125, -0.45721435546875, 0.49267578125, -0.55377197265625]}