{"timestamp": 1761116057.3556788, "flex": [1207, 1342, 823, 1040, 0], "accel": [0.3828125, -10.1875, 1.1484375], "gyro": [0.046875, 0.017578125, -0.029296875], "quat": [0.491455078125, -0.4580078125, 0.492431640625, -0.5533447265625]}