{"timestamp": 1761116057.173517, "flex": [1239, 1369, 866, 1071, 0], "accel": [0.0, -8.9609375, 0.69140625], "gyro": [0.046875, 0.017578125, -0.029296875], "quat": [0.491455078125, -0.4580078125, 0.492431640625, -0.5533447265625]}