{"timestamp": 1761116071.2117958, "flex": [1781, 1744, 1626, 1675, 18], "accel": [-0.3828125, -9.265625, 1.33984375], "gyro": [0.31640625, -0.013671875, 0.080078125], "quat": [0.5145263671875, -0.4278564453125, 0.48907470703125, -0.55950927734375]}