{"timestamp": 1761116068.5718582, "flex": [993, 1246, 692, 983, 0], "accel": [0.15234375, -9.265625, 0.91796875], "gyro": [-0.197265625, 0.244140625, 0.0234375], "quat": [0.4881591796875, -0.43865966796875, 0.50225830078125, -0.56304931640625]}