{"timestamp": 1761116060.4148588, "flex": [998, 1232, 615, 1095, 0], "accel": [-0.078125, -9.46484375, 0.99609375], "gyro": [0.025390625, -0.044921875, 0.01953125], "quat": [0.49932861328125, -0.445556640625, 0.49627685546875, -0.552978515625]}