{"timestamp": 1761116057.0093446, "flex": [1347, 1415, 934, 1091, 0], "accel": [-0.19140625, -9.8828125, 0.95703125], "gyro": [0.046875, 0.017578125, -0.029296875], "quat": [0.4912109375, -0.4576416015625, 0.49346923828125, -0.552978515625]}