{"timestamp": 1761116081.4115825, "flex": [1789, 1723, 1638, 1699, 6], "accel": [0.8046875, -9.08203125, 1.30078125], "gyro": [-0.03125, 0.01953125, -0.099609375], "quat": [0.49639892578125, -0.4698486328125, 0.43658447265625, -0.58502197265625]}