{"timestamp": 1761116086.2876716, "flex": [1712, 1669, 1503, 1369, 0], "accel": [1.265625, -8.92578125, 1.41796875], "gyro": [-0.03125, 0.01953125, -0.099609375], "quat": [0.4901123046875, -0.46868896484375, 0.43939208984375, -0.589111328125]}