{"timestamp": 1761116032.4215088, "flex": [1649, 1690, 1451, 1471, 1], "accel": [-2.26171875, -3.640625, 8.50390625], "gyro": [-0.017578125, 0.0, -0.0078125], "quat": [0.627197265625, -0.03448486328125, 0.22515869140625, -0.74481201171875]}