{"timestamp": 1761116033.0039551, "flex": [1658, 1675, 1398, 1449, 0], "accel": [-2.48828125, -3.5625, 8.62109375], "gyro": [-0.017578125, 0.0, -0.0078125], "quat": [0.62261962890625, -0.038818359375, 0.2315673828125, -0.7464599609375]}