{"timestamp": 1761116053.517144, "flex": [1047, 1234, 691, 976, 0], "accel": [0.0390625, -9.6875, 1.109375], "gyro": [0.046875, 0.017578125, -0.029296875], "quat": [0.49029541015625, -0.4515380859375, 0.4954833984375, -0.55694580078125]}