{"timestamp": 1761116057.3566835, "flex": [1200, 1330, 823, 1049, 0], "accel": [0.3828125, -10.1875, 1.1484375], "gyro": [0.046875, 0.017578125, -0.029296875], "quat": [0.49090576171875, -0.46051025390625, 0.492431640625, -0.5517578125]}