{"timestamp": 1761116033.1216524, "flex": [1675, 1694, 1403, 1564, 13], "accel": [-2.0703125, -5.9375, 11.1484375], "gyro": [-0.017578125, 0.0, -0.0078125], "quat": [0.626708984375, -0.08038330078125, 0.24981689453125, -0.73370361328125]}