{"timestamp": 1761116053.8716626, "flex": [989, 1241, 672, 1054, 0], "accel": [0.19140625, -9.5, 0.99609375], "gyro": [0.046875, 0.017578125, -0.029296875], "quat": [0.49029541015625, -0.45428466796875, 0.4937744140625, -0.55621337890625]}