{"timestamp": 1761116038.3815167, "flex": [1703, 1695, 1461, 1590, 7], "accel": [-0.8828125, -5.9375, 8.23828125], "gyro": [-1.046875, -1.017578125, -0.34765625], "quat": [0.619873046875, -0.1685791015625, 0.2769775390625, -0.714599609375]}