{"timestamp": 1761116039.7036004, "flex": [1706, 1710, 1455, 1629, 0], "accel": [0.26953125, -6.12890625, 7.390625], "gyro": [-1.046875, -1.017578125, -0.34765625], "quat": [0.6173095703125, -0.1966552734375, 0.27850341796875, -0.708984375]}