{"timestamp": 1761116060.7158804, "flex": [1008, 1264, 620, 1104, 0], "accel": [-0.19140625, -9.30859375, 0.95703125], "gyro": [-0.060546875, 0.037109375, 0.078125], "quat": [0.499267578125, -0.4453125, 0.4971923828125, -0.552490234375]}