{"timestamp": 1761116047.5119538, "flex": [1719, 1690, 1482, 1662, 16], "accel": [0.421875, -9.46484375, 1.9921875], "gyro": [-0.494140625, 0.103515625, -0.12890625], "quat": [0.53515625, -0.46551513671875, 0.4317626953125, -0.55718994140625]}