{"timestamp": 1761116078.3636644, "flex": [1764, 1712, 1594, 1623, 16], "accel": [0.95703125, -9.421875, 1.76171875], "gyro": [-0.03125, 0.01953125, -0.099609375], "quat": [0.49639892578125, -0.4698486328125, 0.43658447265625, -0.58502197265625]}