{"timestamp": 1761116032.382226, "flex": [1642, 1689, 1407, 1503, 0], "accel": [-2.10546875, -3.6015625, 8.578125], "gyro": [-0.017578125, 0.0, -0.0078125], "quat": [0.627197265625, -0.03448486328125, 0.22515869140625, -0.74481201171875]}