{"timestamp": 1761116032.2301202, "flex": [1646, 1697, 1427, 1503, 0], "accel": [-2.14453125, -3.79296875, 8.54296875], "gyro": [-0.017578125, 0.0, -0.0078125], "quat": [0.6282958984375, -0.0389404296875, 0.2274169921875, -0.74298095703125]}