{
    "timestamp": 1761687589.4168775,
    "hand": "left",
    "wrist": {
        "position": [
            0,
            0,
            0
        ],
        "rotation": [
            0.0,
            0.0,
            0.0,
            1.0
        ]
    },
    "thumb": {
        "metacarpal": {
            "position": [
                0,
                0,
                0
            ],
            "rotation": [
                -0.06665310526145302,
                0.39692239651615735,
                -0.4628307871283366,
                0.7898086079481791
            ]
        },
        "proximal": {
            "position": [
                0,
                0,
                0
            ],
            "rotation": [
                0.015968995179167864,
                -0.007984497589583932,
                0.0,
                0.9998406067925075
            ]
        },
        "intermediate": {
            "position": [
                0,
                0,
                0
            ],
            "rotation": [
                0.01707761530597142,
                -0.00853880765298571,
                0.0,
                0.9998177052939834
            ]
        },
        "distal": {
            "position": [
                0,
                0,
                0
            ],
            "rotation": [
                0.0,
                0.0,
                0.0,
                1.0
            ]
        }
    },
    "index": {
        "metacarpal": {
            "position": [
                0,
                0,
                0
            ],
            "rotation": [
                0.04601416265918526,
                0.0,
                0.0,
                0.9989407874517758
            ]
        },
        "proximal": {
            "position": [
                0,
                0,
                0
            ],
            "rotation": [
                0.040471982705153176,
                0.0,
                0.0,
                0.9991806736601313
            ]
        },
        "intermediate": {
            "position": [
                0,
                0,
                0
            ],
            "rotation": [
                -0.01189473012116037,
                -0.0,
                -0.0,
                0.9999292551952587
            ]
        },
        "distal": {
            "position": [
                0,
                0,
                0
            ],
            "rotation": [
                0.0,
                0.0,
                0.0,
                1.0
            ]
        }
    },
    "middle": {
        "metacarpal": {
            "position": [
                0,
                0,
                0
            ],
            "rotation": [
                0.015450115087584867,
                0.0,
                0.0,
                0.9998806398484673
            ]
        },
        "proximal": {
            "position": [
                0,
                0,
                0
            ],
            "rotation": [
                0.044614424755285785,
                0.0,
                0.0,
                0.9990042808235383
            ]
        },
        "intermediate": {
            "position": [
                0,
                0,
                0
            ],
            "rotation": [
                -0.004725535364977144,
                -0.0,
                -0.0,
                0.9999888345954241
            ]
        },
        "distal": {
            "position": [
                0,
                0,
                0
            ],
            "rotation": [
                0.0,
                0.0,
                0.0,
                1.0
            ]
        }
    },
    "ring": {
        "metacarpal": {
            "position": [
                0,
                0,
                0
            ],
            "rotation": [
                0.0411085196274001,
                0.0,
                0.0,
                0.9991546875304362
            ]
        },
        "proximal": {
            "position": [
                0,
                0,
                0
            ],
            "rotation": [
                0.02639165642733368,
                0.0,
                0.0,
                0.9996516795719504
            ]
        },
        "intermediate": {
            "position": [
                0,
                0,
                0
            ],
            "rotation": [
                -0.016996295346463207,
                -0.0,
                -0.0,
                0.9998555525397135
            ]
        },
        "distal": {
            "position": [
                0,
                0,
                0
            ],
            "rotation": [
                0.0,
                0.0,
                0.0,
                1.0
            ]
        }
    },
    "pinky": {
        "metacarpal": {
            "position": [
                0,
                0,
                0
            ],
            "rotation": [
                0.03256525917687935,
                0.0,
                0.0,
                0.9994696112912802
            ]
        },
        "proximal": {
            "position": [
                0,
                0,
                0
            ],
            "rotation": [
                -0.03576821447349236,
                -0.0,
                -0.0,
                0.9993601126888036
            ]
        },
        "intermediate": {
            "position": [
                0,
                0,
                0
            ],
            "rotation": [
                -0.018151334753572303,
                -0.0,
                -0.0,
                0.9998352509522075
            ]
        },
        "distal": {
            "position": [
                0,
                0,
                0
            ],
            "rotation": [
                0.0,
                0.0,
                0.0,
                1.0
            ]
        }
    }
}
UnityEngine.Debug:Log (object)
UDPNeuraGloveDataReceiver:ReceiveData () (at Assets/Scripts/UDPNeuraGloveDataReceiver.cs: 107)
System.Threading.ThreadHelper:ThreadStart ()

